no,annex,instrument,description,stat_type,universe,breakdown,weight,source_variables,mapping_status,notes
1.1,1,F1,"Percentage distribution of facility head respondents’ who have ever heard of the process to apply for PhilHealth YAKAP/Konsulta accreditation, by facility type (n=1,521)",percent distribution,"all facility heads (n=1,521)",by facility type,facility wf,Q81_KNOW_HOW_START,partial,No 'heard of process' item; Q81=know-how-to-start (non-accred only). Fac type all 1.x: F_TYPE+F_OWNERSHIP join on 9-digit facility_id
1.2,1,F1,"Percentage distribution of facility head respondents’ reported support from LGU to implement UHC reforms, by facility type (n=1,521)",percent distribution,"all facility heads (n=1,521)",by facility type,facility wf,Q148_LGU_SUPPORT,mapped,
1.3,1,F1,"Percentage distribution of facility head respondents reported type of support from LGU to implement UHC reforms, by facility type (n=1,521)",percent distribution,"all facility heads (n=1,521)",by facility type,facility wf,Q149_LGU_SUPPORT_FORMS (checkbox multi),mapped,Checkbox: one alpha multi-code field; split to dummies in Stata
1.4,1,F1,"Percentage distribution of facility head respondents perceived satisfaction with the support received from LGU to implement UHC reforms, by facility type (n=1,521)",percent distribution,"all facility heads (n=1,521)",by facility type,facility wf,Q150_LGU_SATISFIED,mapped,
1.5,1,F1,Percentage distribution of facility head respondents reported reasons for dissatisfaction of support from LGU to implement UHC reforms,percent distribution,facility heads dissatisfied with LGU support,none stated,facility wf,Q151_LGU_NOT_SAT_WHY (checkbox multi),mapped,Checkbox multi; universe skip-gated to Q150_LGU_SATISFIED=No
1.6,1,F1,"Percentage distribution of facility head respondents who have ever heard of the process to apply for DOH licensing, by facility type (n=1,521)",percent distribution,"all facility heads (n=1,521)",by facility type,facility wf,,gap,No DOH-licensing process-awareness item in F1; nearest are Q118 (licensed status) and Q121 (difficult requirements)
1.7,1,F1,"Percentage distribution of facility head respondents reported that the facility is currently PhilHealth YAKAP/Konsulta accredited, by facility type (n=1,521)",percent distribution,"all facility heads (n=1,521)",by facility type,facility wf,Q51_YK_ACCRED,mapped,
1.8,1,F1,"Percentage distribution of facility head respondents identified top barriers in facilities' accreditation to PhilHealth YAKAP/Konsulta, for the most recent application, by type of facility (n=1,521)",percent distribution,"all facility heads (n=1,521)",by facility type,facility wf,Q65_ACCRED_DIFFICULT (checkbox multi),mapped,"Checkbox: one alpha multi-code field, split; accredited/applied path — non-accred reasons live in Q79"
1.8a,1,F1,"Percentage distribution of facility head respondents of rural health unit reported reasons to barriers in facilities' accreditation to PhilHealth YAKAP/Konsulta, for the most recent application (n=911)",percent distribution,facility heads of rural health units (n=911),none stated,facility wf,"Q66_WHY_DIFF_PREVENTIVE (checkbox multi),Q67_WHY_DIFF_LAB (checkbox multi),Q68_WHY_DIFF_MEDS (checkbox multi),Q69_WHY_DIFF_INFRA (checkbox multi),Q70_WHY_DIFF_EQUIPMENT (checkbox multi),Q71_WHY_DIFF_HR (checkbox multi),Q72_WHY_DIFF_HIS (checkbox multi),Q73_WHY_DIFF_DOCS (checkbox multi),Q74_WHY_DIFF_DOH_LIC (checkbox multi)",mapped,"9-item why-difficult battery, each one alpha multi-code field (split); filter facility_type=RHU"
1.8b,1,F1,"Percentage distribution of facility head respondents of government hospitals reported reasons to barriers in facilities' accreditation to PhilHealth YAKAP/Konsulta, for the most recent application (n=244)",percent distribution,facility heads of government hospitals (n=244),none stated,facility wf,"Q66_WHY_DIFF_PREVENTIVE (checkbox multi),Q67_WHY_DIFF_LAB (checkbox multi),Q68_WHY_DIFF_MEDS (checkbox multi),Q69_WHY_DIFF_INFRA (checkbox multi),Q70_WHY_DIFF_EQUIPMENT (checkbox multi),Q71_WHY_DIFF_HR (checkbox multi),Q72_WHY_DIFF_HIS (checkbox multi),Q73_WHY_DIFF_DOCS (checkbox multi),Q74_WHY_DIFF_DOH_LIC (checkbox multi)",mapped,Same Q66-Q74 battery; filter facility_type=hospital & F_OWNERSHIP=public (gov)
1.8c,1,F1,"Percentage distribution of facility head respondents of private hospitals reported reasons to barriers in facilities' accreditation to PhilHealth YAKAP/Konsulta, for the most recent application (n=366)",percent distribution,facility heads of private hospitals (n=366),none stated,facility wf,"Q66_WHY_DIFF_PREVENTIVE (checkbox multi),Q67_WHY_DIFF_LAB (checkbox multi),Q68_WHY_DIFF_MEDS (checkbox multi),Q69_WHY_DIFF_INFRA (checkbox multi),Q70_WHY_DIFF_EQUIPMENT (checkbox multi),Q71_WHY_DIFF_HR (checkbox multi),Q72_WHY_DIFF_HIS (checkbox multi),Q73_WHY_DIFF_DOCS (checkbox multi),Q74_WHY_DIFF_DOH_LIC (checkbox multi)",mapped,Same Q66-Q74 battery; filter facility_type=hospital & F_OWNERSHIP=private
1.9,1,F1,"Percentage distribution of the average number of days to PhilHealth YAKAP/Konsulta accreditation for the facility's most recent application, by facility type (n=1,521)",percent distribution,"all facility heads (n=1,521)",by facility type,facility wf,Q63_ACCRED_WAIT,mapped,"Q63 captures wait in MONTHS, not days (table title says days) — report months or convert"
1.10,1,F1,"Percentage distribution of basic services outsourced by YAKAP/Konsulta provider or primary care providers, over the past 6 months, by facility type (n=1,521)",percent distribution,"all facility heads (n=1,521)",by facility type,facility wf,Q160_EXTERNAL_SERVICES_GO (checkbox multi),partial,No 'services outsourced' item; Q160=where patients go for unavailable services is nearest proxy; no 6-mo window
1.11,1,F1,"Percentage distribution of top methods of outbound referral, by facility type (n=1,521)",percent distribution,"all facility heads (n=1,521)",by facility type,facility wf,Q155_SEND_REFERRAL_HOW (checkbox multi),mapped,Checkbox multi; split to dummies
1.12,1,F1,"Percentage distribution of top methods of inbound referral of hospitals, by facility type (n=1,521)",percent distribution,hospitals,by facility type,facility wf,Q159_RECEIVE_REFERRAL_HOW (checkbox multi),mapped,Checkbox multi; inbound-referral question; universe=hospitals
1.13,1,F1,"Percent distribution of primary care providers who have a network of specialist providers or referral health facilities to refer patients to, by facility type (n=1,521)",percent distribution,primary care providers,by facility type,facility wf,Q157_SPECIALIST_NETWORK,mapped,Universe=primary care providers (Q8_SERVICE_LEVEL=1)
1.14,1,F1,"Percent distribution of the facility head respondents’ satisfaction rate for the referral system over the past 6 months, by facility type (n=1,521)",percent distribution,"all facility heads (n=1,521)",by facility type,facility wf,Q161_REF_SATISFACTION,mapped,
1.15,1,F1,"Percent distribution of top challenges for facilities in the referral system, by facility type (n=1,521)",percent distribution,"all facility heads (n=1,521)",by facility type,facility wf,Q162_NOT_SATISFIED_WHY (checkbox multi),partial,"No direct referral-challenges battery; Q162=why not satisfied, asked only if Q161 dissatisfied — biased universe"
1.16,1,F1,"Percent distribution of facilities that are DOH licensed, at the point of survey, by facility type (n=1,521)",percent distribution,"all facilities (n=1,521)",by facility type,facility wf,Q118_DOH_LICENSED,mapped,
1.17a,1,F1,"Percent distribution of top barriers in DOH licensing for rural/city health unit, for the most recent application (n=911)",percent distribution,rural/city health units (n=911),none stated,facility wf,Q121_DOH_LIC_DIFFICULT (checkbox multi),mapped,no parent Table 1.17 printed; only 1.17a/1.17b | Checkbox multi; filter facility_type=RHU/CHO
1.17b,1,F1,"Percent distribution of top barriers in DOH licensing for hospitals, for the most recent application",percent distribution,hospitals,none stated,facility wf,Q121_DOH_LIC_DIFFICULT (checkbox multi),mapped,no n= printed (cf. 1.17a n=911) | Checkbox multi; filter facility_type=hospital (L1-L3)
1.18,1,F1,"Percentage distribution of the average number of days to DOH licensing for the facility's most recent application, by facility type (n=1,521)",percent distribution,"all facility heads (n=1,521)",by facility type,facility wf,Q120_LIC_DAYS,mapped,
1.19,1,F1,"Percentage distribution of facilities who provide NBB to 100% of eligible patients, over the past 6 months, by facility type",percent distribution,facilities,by facility type,facility wf,"Q135_NBB_CURR,Q136_NBB_ALL_PATIENTS",mapped,"Indicator: Q136=Yes among Q135=Yes (implements NBB for all patients, last 6 mo)"
1.20,1,F1,"Percentage distribution of primary care facilities experiencing stock-outs of tracer essential medicines (e.g., antihypertensives, antibiotics) for more than 7 days in the past quarter",percent distribution,primary care facilities,none stated,facility wf,"Q112_STOCKOUT,Q113_STOCKOUT_MEDS,Q114_STOCKOUT_DURATION,Q115_STOCKOUT_AVG",mapped,Flag derived: Q112=1 & Q114>7 days (past 3 mo=quarter); Q113 free-text med list; universe primary care (Q8=1)
1.21,1,F1,"Percentage distribution of primary care facilities experiencing stock-outs of tracer essential medicines (e.g., antihypertensives, antibiotics) for more than 7 days in the past quarter (continued)",percent distribution,primary care facilities,none stated,facility wf,"Q112_STOCKOUT,Q113_STOCKOUT_MEDS,Q114_STOCKOUT_DURATION,Q115_STOCKOUT_AVG",mapped,"printed as (continued) of Table 1.20 | Split pair with 1.20 — same Q112-Q115 stock-out battery, continued panel"
1.22,1,F1,Percentage distribution of patients successfully referred to a higher-level facility within the network (HCPN) who received care,percent distribution,patients referred to higher-level facility within HCPN,none stated,facility wf,Q154_NUM_REFERRED_OUT,partial,F1 has only outbound referral count Q154 (past 6 mo); no received-care outcome in F1 — numerator is patient-side (F3)
1.23,1,F1,Percentage distribution of facilities submitting routine health and financial data to DOH Information System and/or PhilHealth Dashboard,percent distribution,facilities,none stated,facility wf,Q32_DATA_SUBMIT,mapped,
1.24,1,F1,Percentage distribution on the frequency of health and financial data submissions to DOH Information System and/or PhilHealth Dashboard,percent distribution,facilities,none stated,facility wf,Q33_DATA_FREQ,mapped,
1.25,1,F1,Percentage distribution of the submitted health and financial data reports used for decision-making,percent distribution,facilities,none stated,facility wf,Q34_DATA_REPORTS_USED (checkbox multi),mapped,Checkbox multi; split to dummies
1.26,1,F1,Percentage distribution of facility head respondents who report clearly defined roles and autonomy vis-à-vis the LGU/Provincial Health Office,percent distribution,facility heads,none stated,facility wf,Q152_PHO_PROTOCOL_CLARITY,mapped,Q152=clarity rating of PHO-vs-facility decision protocols
1.27,1,F1,Percentage distribution of facility head respondents who reported delays in receiving capitation tranches,percent distribution,facility heads,none stated,facility wf,Q61_TRANCHE_DELAY,mapped,
1.28,1,F1,Percentage distribution on the average time interval between tranches releases to the facility,percent distribution,facilities,none stated,facility wf,Q62_TRANCHE_INTERVAL,mapped,
1.29,1,F1,Percentage distribution of facility heads by role in the health facility,percent distribution,facility heads,by role in the health facility,facility wf,Q2_FACILITY_ROLE,mapped,
1.30,1,F1,Percentage distribution of facility heads by age group,percent distribution,facility heads,by age group,facility wf,Q3_AGE,mapped,Age bands derived from continuous Q3_AGE
1.31,1,F1,Percentage distribution of facility heads by sex at birth,percent distribution,facility heads,by sex at birth,facility wf,Q4_SEX,mapped,
1.32,1,F1,Percentage distribution of health facilities by service capacity level,percent distribution,health facilities,by service capacity level,facility wf,Q8_SERVICE_LEVEL,mapped,
2.1,2,F3,"Percent of inpatient and outpatient respondents who have heard about UHC, by province",percent,inpatients+outpatients,by province × in/outpatient,patient wf,"Q35_UHC_HEARD,PATIENT_TYPE",mapped,"PATIENT_TYPE=in(2)/out(1) split used by ALL a/b tables; province dim=PROVINCE_HUC_CODE (PSGC, see codebook)"
2.2a,2,F3,"Percent distribution of source of information about UHC of inpatient respondents, by province",percent distribution,inpatients,by province,patient wf,Q36_UHC_SOURCE,mapped,(checkbox multi) UAT-converted tick-all; in/out split via PATIENT_TYPE (see 2.1)
2.2b,2,F3,"Percent distribution of source of information about UHC of outpatient respondents, by province",percent distribution,outpatients,by province,patient wf,Q36_UHC_SOURCE,mapped,(checkbox multi) UAT-converted tick-all; in/out split via PATIENT_TYPE (see 2.1)
2.3,2,F3,"Percent distribution of inpatient and outpatient respondents who identify as registered to PhilHealth, by province",percent distribution,inpatients+outpatients,by province × in/outpatient,patient wf,Q38_PHILHEALTH_REG,mapped,reinstated Q38_1_PIN_WHEN adds when-registered detail; split via PATIENT_TYPE (see 2.1)
2.4,2,F3,"Percentage distribution of unregistered inpatient and outpatient who know where to seek assistance for the registration process, by province",percent distribution,unregistered inpatients+outpatients,by province × in/outpatient,patient wf,"Q43_KNOWS_ASSIST,Q38_PHILHEALTH_REG",mapped,universe filter Q38=No; Q44_WHERE_ASSIST gives where; split via PATIENT_TYPE (see 2.1)
2.5a,2,F3,"Percentage distribution of inpatient respondents’ source of information on PhilHealth registration, by province",percent distribution,inpatients,by province,patient wf,Q39_HOW_FIND_OUT,mapped,single-select source of info on PhilHealth registration
2.5b,2,F3,"Percentage distribution of outpatient respondents’ source of information on PhilHealth registration, by province",percent distribution,outpatients,by province,patient wf,Q39_HOW_FIND_OUT,mapped,single-select source of info on PhilHealth registration
2.6a,2,F3,"Percentage distribution of inpatient respondents who can correctly list PhilHealth benefits under UHC reforms, by province",percent distribution,inpatients,by province,patient wf,Q46_BENEFITS,mapped,(checkbox multi) correctness scored from codes 01-03 vs 04/90
2.6b,2,F3,"Percentage distribution of outpatient respondents who can correctly list PhilHealth benefits under UHC reforms, by province",percent distribution,outpatients,by province,patient wf,Q46_BENEFITS,mapped,(checkbox multi) correctness scored from codes 01-03 vs 04/90
2.7,2,F3,"Percentage distribution of inpatient and outpatient respondents who have heard about YAKAP/Konsulta provider assignment under UHC, by province",percent distribution,inpatients+outpatients,by province × in/outpatient,patient wf,Q74_KON_HEARD,mapped,split via PATIENT_TYPE (see 2.1)
2.8a,2,F3,Percentage distribution of inpatient respondents who can identify the benefits under the PhilHealth YAKAP/Konsulta package,percent distribution,inpatients,none stated,patient wf,Q76_KON_UNDERSTAND,mapped,(checkbox multi) benefit identification scored from codes
2.8b,2,F3,Percentage distribution of outpatient respondents who can identify the benefits under the PhilHealth YAKAP/Konsulta package,percent distribution,outpatients,none stated,patient wf,Q76_KON_UNDERSTAND,mapped,(checkbox multi) benefit identification scored from codes
2.9a,2,F3,"Percentage distribution of inpatient respondents who state that they would visit the YAKAP/Konsulta provider or primary care provider as their first point of contact, by province",percent distribution,inpatients,by province,patient wf,"Q80_KON_KNOWS_BOOKING,Q53_HAS_PCP",partial,no direct first-point-of-contact item on F3; proxy=Q80 (knows to book Konsulta when sick)+Q53 has PCP
2.9b,2,F3,"Percentage distribution of outpatient respondents who state that they would visit the YAKAP/Konsulta provider or primary care provider as their first point of contact, by province",percent distribution,outpatients,by province,patient wf,"Q80_KON_KNOWS_BOOKING,Q53_HAS_PCP",partial,no direct first-point-of-contact item on F3; proxy=Q80 (knows to book Konsulta when sick)+Q53 has PCP
2.10a,2,F3,"Percentage distribution of inpatient respondents’ top challenges in registration to PhilHealth for those who have undergone the registration process (including those who did not register successfully) in the past year, by province",percent distribution,inpatients who have undergone the registration process,by province,patient wf,"Q42_DIFFICULTY,Q41_REG_DIFFICULTY,Q38_2_WHY_NOT_REG",mapped,(checkbox multi) Q42=registered path; reinstated Q38_2 tick-all covers unregistered/unsuccessful
2.10b,2,F3,"Percentage distribution of outpatient respondents’ top challenges in registration to PhilHealth for those who have undergone the registration process (including those who did not register successfully) in the past year, by province",percent distribution,outpatients who have undergone the registration process,by province,patient wf,"Q42_DIFFICULTY,Q41_REG_DIFFICULTY,Q38_2_WHY_NOT_REG",mapped,(checkbox multi) Q42=registered path; reinstated Q38_2 tick-all covers unregistered/unsuccessful
2.11a,2,F3,"Percent distribution of inpatient respondents by type of PhilHealth member who self-report to have struggled to pay premiums in the past year, by province",percent distribution,inpatient PhilHealth members,by PhilHealth member type × province,patient wf,"Q45_CATEGORY,Q49_PREMIUM_DIFFICULT,Q48_PREMIUM_PAY",mapped,member type=Q45; struggled=Q49 (filter Q48=pays premiums)
2.11b,2,F3,"Percent distribution of outpatient respondents by type of PhilHealth member who self-report to have struggled to pay premiums in the past year, by province",percent distribution,outpatient PhilHealth members,by PhilHealth member type × province,patient wf,"Q45_CATEGORY,Q49_PREMIUM_DIFFICULT,Q48_PREMIUM_PAY",mapped,member type=Q45; struggled=Q49 (filter Q48=pays premiums)
2.12,2,F3,"Percent distribution of inpatient and outpatient respondents that have registered to a YAKAP/Konsulta provider, by province",percent distribution,inpatients+outpatients,by province × in/outpatient,patient wf,Q77_KON_REGISTERED,mapped,split via PATIENT_TYPE (see 2.1)
2.13,2,F3,"Percent distribution of inpatient and outpatient respondents who have consulted their assigned YAKAP/Konsulta provider since registering, by province",percent distribution,inpatients+outpatients registered to a YAKAP/Konsulta provider,by province × in/outpatient,patient wf,"Q79_KON_HAD_APPT,Q77_KON_REGISTERED",mapped,universe filter Q77=Yes; split via PATIENT_TYPE (see 2.1)
2.14,2,F3,"Percent distribution of inpatient and outpatient respondents in HCPN that were referred from YAKAP/Konsulta provider or primary care provider, for most recent interaction, by province",percent distribution,inpatients+outpatients in HCPN,by province × in/outpatient,patient wf,Q172_PCP_REFERRAL,partial,referral-from-PCP/Konsulta=Q172; 'in HCPN' universe has no F3 flag — define analytically
2.15,2,F3,"Percent distribution of inpatient and outpatient respondents that received assistance in making the appointment for that visit, by province",percent distribution,inpatients+outpatients,by province × in/outpatient,patient wf,"Q167_HELPED_APPT,Q175_PCP_HELPED_APPT",mapped,referral path Q167; PCP path Q175; split via PATIENT_TYPE (see 2.1)
2.16,2,F3,"Percent distribution of inpatient and outpatient respondents that received assistance by discussing with them the different places they could visit to address their health problem, by province",percent distribution,inpatients+outpatients,by province × in/outpatient,patient wf,"Q166_DISCUSSED_OPTIONS,Q174_PCP_DISCUSSED",mapped,referral path Q166; PCP path Q174; split via PATIENT_TYPE (see 2.1)
2.17a,2,F3,"Percentage distribution of inpatient respondents’ overall satisfaction rate with the referral system process for most recent interaction at the time of survey, by province",percent distribution,inpatients,by province,patient wf,Q178_SAT_REFERRAL,mapped,
2.17b,2,F3,"Percentage distribution of outpatient respondents’ overall satisfaction rate with the referral system process for most recent interaction at the time of survey, by province",percent distribution,outpatients,by province,patient wf,Q178_SAT_REFERRAL,mapped,
2.18,2,F3,"Percent distribution of inpatient and outpatient respondents who can correctly define a generic drug, by province",percent distribution,inpatients+outpatients,by province × in/outpatient,patient wf,Q158_BRAND_GEN_KNOW,partial,self-reported knows-difference only; no open definition item to score 'correctly define'
2.19,2,F3,"Percentage distribution of inpatient and outpatient respondents who chose a generic drug when buying medication, for last interaction, by province",percent distribution,inpatients+outpatients,by province × in/outpatient,patient wf,Q159_BRAND_GEN_BOUGHT,mapped,"asked for meds bought outside GAMOT pharmacy, last purchase"
2.20a,2,F3,"Percentage distribution of inpatient respondents’ reasons to purchase generic options (prescribed by doctor, cheaper, etc.) in the past 6 months, by province",percent distribution,inpatients,by province,patient wf,Q160_WHY_GENERIC,mapped,(checkbox multi)
2.20b,2,F3,"Percentage distribution of outpatient respondents’ reasons to purchase generic options (prescribed by doctor, cheaper, etc.) in the past 6 months, by province",percent distribution,outpatients,by province,patient wf,Q160_WHY_GENERIC,mapped,(checkbox multi)
2.21a,2,F3,"Percentage distribution of inpatient respondents’ reasons to purchase branded options (prescribed by doctor, cheaper, etc.) in the past 6 months, by province",percent distribution,inpatients,by province,patient wf,Q161_WHY_BRANDED,mapped,(checkbox multi)
2.21b,2,F3,"Percentage distribution of outpatient respondents’ reasons to purchase branded options (prescribed by doctor, cheaper, etc.) in the past 6 months, by province",percent distribution,outpatients,by province,patient wf,Q161_WHY_BRANDED,mapped,(checkbox multi)
2.22a,2,F3,"Percent distribution of inpatient respondents that accessed medications for free or subsidized, in the last 6 months, by province",percent distribution,inpatients,by province,patient wf,"Q109_SOURCES,Q96_SOURCES,Q155_GAMOT_GOT_MEDS,Q157_WHERE_REST",partial,no single free/subsidized-meds item; derive from free/donation codes in meds pay sources + GAMOT receipt (checkbox multi)
2.22b,2,F3,"Percent distribution of outpatient respondents that accessed medications for free or subsidized, in the last 6 months, by province",percent distribution,outpatients,by province,patient wf,"Q96_SOURCES,Q109_SOURCES,Q155_GAMOT_GOT_MEDS,Q157_WHERE_REST",partial,no single free/subsidized-meds item; derive from free/donation codes in meds pay sources + GAMOT receipt (checkbox multi)
2.23a,2,F3,"Percent distribution of inpatient respondents’ top sources of medicine subsidization (i.e., LGU, employer, etc.) in the past 6 months",percent distribution,inpatients,none stated,patient wf,"Q157_WHERE_REST,Q109_SOURCES,Q96_SOURCES",partial,no LGU/employer subsidy-source battery; nearest=Q157 free-source codes 05-08 + free/donation pay codes (checkbox multi)
2.23b,2,F3,"Percent distribution of outpatient respondents’ top sources of medicine subsidization (i.e., LGU, employer, etc.) in the past 6 months",percent distribution,outpatients,none stated,patient wf,"Q157_WHERE_REST,Q96_SOURCES,Q109_SOURCES",partial,no LGU/employer subsidy-source battery; nearest=Q157 free-source codes 05-08 + free/donation pay codes (checkbox multi)
2.24a,2,F3,"Percentage distribution of inpatient respondents’ that have accessed to alternate financial assistance program/s to help cover medical costs, for most recent interaction, out of all patients",percent distribution,all inpatients,none stated,patient wf,"Q113_SOURCES,Q126_MAIFIP_AVAILED",partial,derived from assistance codes 04-07 of Q113 (checkbox multi) + MAIFIP Q126; no direct fin-assist item
2.24b,2,F3,"Percentage distribution of outpatient respondents’ that have accessed to alternate financial assistance program/s to help cover medical costs, for most recent interaction, out of all patients",percent distribution,all outpatients,none stated,patient wf,Q98_SOURCES,partial,"derived from assistance codes 04-06,09 of Q98 (checkbox multi); no direct fin-assist item"
2.25a,2,F3,"Percentage distribution of inpatient respondents’ that have accessed to alternate financial assistance program/s to help cover medical costs, for most recent interaction, out of billed patients",percent distribution,billed inpatients,none stated,patient wf,"Q113_SOURCES,Q126_MAIFIP_AVAILED,Q115_FINAL_CASH",partial,as 2.24a; 'billed' universe inferred from bill items/final cash — no explicit billed flag
2.25b,2,F3,"Percentage distribution of outpatient respondents’ that have accessed to alternate financial assistance program/s to help cover medical costs, for most recent interaction, out of billed patients",percent distribution,billed outpatients,none stated,patient wf,"Q98_SOURCES,Q97_FINAL_AMOUNT",partial,as 2.24b; 'billed' universe inferred from bill/final amount — no explicit billed flag
2.26,2,F3,Percentage distribution of inpatient and outpatient respondents’ NBB-eligible who received NBB for most recent interaction,percent distribution,NBB-eligible inpatients+outpatients,none stated,patient wf,"Q45_CATEGORY,Q115_FINAL_CASH,Q113_SOURCES,Q107_SOURCES",partial,derived indicator: NBB eligibility from Q45 member category; receipt inferred from zero cash at discharge/PhilHealth-covered codes
2.27,2,F3,Percentage distribution of inpatient and outpatient respondents’ NBB-eligible who received ZBB for most recent interaction,percent distribution,NBB-eligible inpatients+outpatients,none stated,patient wf,"Q45_CATEGORY,Q122_ZBB_INFORMED,Q123_ZBB_EXTENT",partial,derived indicator: eligibility via Q45; no direct received-ZBB item — infer from Q122/Q123
2.28a,2,F3,"Summary of alternate financial assistance program/s covering the inpatients’ medical costs, in their most recent interaction",summary,inpatients,none stated,patient wf,"Q113_PAY_SRC,Q113_PAY_AMT",mapped,(roster) assistance rows=codes 04-07 of Q113 with amounts
2.28b,2,F3,"Summary of alternate financial assistance program/s covering the outpatients’ medical costs, in their most recent interaction",summary,outpatients,none stated,patient wf,"Q98_PAY_SRC,Q98_PAY_AMT",mapped,"(roster) assistance rows=codes 04-06,09 of Q98 with amounts"
2.29,2,F3,Catastrophic health expenditure at the 25% and 40% thresholds across different subgroups among patients within UHC-IS and Non-UHC-IS,percent,inpatients+outpatients (UHC-IS and Non-UHC-IS),by subgroup × UHC-IS/Non-UHC-IS,patient wf,"Q18_INCOME_AMOUNT,CLASSIFICATION,Q92_PAY_AMT,Q94_LAB_AMT,Q96_PAY_AMT,Q97_FINAL_AMOUNT,Q971_PAY_AMT,Q972_PAY_AMT,Q107_PAY_AMT,Q109_PAY_AMT,Q112_PAY_AMT,Q113_PAY_AMT,Q115_FINAL_CASH",partial,derived indicator (CHE 25%/40%): OOP summed from expenditure rosters (roster) vs income Q18; UHC-IS flag=CLASSIFICATION
2.30,2,F3,"Percentage distribution of inpatient and outpatient respondents that use loan/mortgage to pay for medical costs, for most recent interaction",percent distribution,inpatients+outpatients,none stated,patient wf,"Q98_SOURCES,Q113_SOURCES",mapped,(checkbox multi) Loan/Mortgage=code 02 in both; amounts in Q98/Q113 rosters
2.31,2,F3,"Percentage distribution of inpatient and outpatient respondents that use sale of assets to pay for medical costs, for most recent interaction",percent distribution,inpatients+outpatients,none stated,patient wf,Q98_SOURCES,partial,(checkbox multi) Sale of Assets=Q98 code 07 (outpatient only); inpatient Q113 has no asset-sale code
2.32,2,F3,"Percentage distribution of inpatient and outpatient respondents that experience incidence of reduced care due to financial reasons among the population, for most recent interaction",percent distribution,inpatients+outpatients,none stated,patient wf,"Q130_REDUCED_SPEND,Q90_NOT_CONFINED",partial,no direct reduced-care item; proxies=Q130 reduced essential spending + Q90 codes 02/03 (cost) for forgone admission
2.33a,2,F3,"Health care expenditures of inpatient respondents by type of facility, for the most recent interaction, by province",summary,inpatients,by facility type × province,patient wf,"Q107_PAY_AMT,Q109_PAY_AMT,Q112_PAY_AMT,Q113_PAY_AMT,Q115_FINAL_CASH",partial,"(roster) sum inpatient expenditure rosters + 115.1/115.2 amounts; facility-type dim from sample frame, not an F3 item"
2.33b,2,F3,"Health care expenditures of outpatient respondents by type of facility, for the most recent interaction, by province",summary,outpatients,by facility type × province,patient wf,"Q92_PAY_AMT,Q94_LAB_AMT,Q96_PAY_AMT,Q97_FINAL_AMOUNT,Q971_PAY_AMT,Q972_PAY_AMT",partial,"(roster) sum outpatient expenditure rosters; facility-type dim from sample frame, not an F3 item"
2.34a,2,F3,"Average time (in minutes) of inpatient respondents to access nearest health facility for the latest visit, by province",average,inpatients,by province,patient wf,"Q72_NEAREST_TRAVEL_HH,Q72_NEAREST_TRAVEL_MM",mapped,F3 asks nearest primary care facility; convert HH+MM to minutes
2.34b,2,F3,"Average time (in minutes) of outpatient respondents to access nearest health facility for the latest visit, by province",average,outpatients,by province,patient wf,"Q72_NEAREST_TRAVEL_HH,Q72_NEAREST_TRAVEL_MM",mapped,F3 asks nearest primary care facility; convert HH+MM to minutes
2.35a,2,F3,"Average costs spent of inpatient respondents on going to the nearest health facility for the latest visit, by level of care",average,inpatients,by level of care,patient wf,Q1142_4_AMT,partial,no transport-cost-to-nearest-facility item; proxy=visit transport spend 115.2; level-of-care dim from frame
2.35b,2,F3,"Average costs spent of outpatient respondents on going to the nearest health facility for the latest visit, by level of care",average,outpatients,by level of care,patient wf,"Q972_PAY_SRC,Q972_PAY_AMT",partial,(roster) no transport-cost-to-nearest-facility item; proxy=travel rows (code 05) of Q97.2; level-of-care dim from frame
2.36a,2,F3,Percentage distribution of inpatient respondents that walk as mode of transportation used on going to the nearest health facility for the latest visit,percent distribution,inpatients,none stated,patient wf,Q73_NEAREST_TRANSPORT,mapped,(checkbox multi) Walk=code 01 of ONE multi-select Q73; same source var for all of 2.36-2.46
2.36b,2,F3,Percentage distribution of outpatient respondents that walk as mode of transportation used on going to the nearest health facility for the latest visit,percent distribution,outpatients,none stated,patient wf,Q73_NEAREST_TRANSPORT,mapped,(checkbox multi) Walk=code 01 of ONE multi-select Q73; same source var for all of 2.36-2.46
2.37a,2,F3,Percentage distribution of inpatient respondents that ride a bike as mode of transportation used on going to the nearest health facility for the latest visit,percent distribution,inpatients,none stated,patient wf,Q73_NEAREST_TRANSPORT,mapped,(checkbox multi) Bike=code 02 of ONE multi-select Q73 (see 2.36)
2.37b,2,F3,Percentage distribution of outpatient respondents that ride a bike as mode of transportation used on going to the nearest health facility for the latest visit,percent distribution,outpatients,none stated,patient wf,Q73_NEAREST_TRANSPORT,mapped,(checkbox multi) Bike=code 02 of ONE multi-select Q73 (see 2.36)
2.38a,2,F3,Percentage distribution of inpatient respondents that ride a public bus as mode of transportation used on going to the nearest health facility for the latest visit,percent distribution,inpatients,none stated,patient wf,Q73_NEAREST_TRANSPORT,mapped,(checkbox multi) Public Bus=code 03 of ONE multi-select Q73 (see 2.36)
2.38b,2,F3,Percentage distribution of outpatient respondents that ride a public bus as mode of transportation used on going to the nearest health facility for the latest visit,percent distribution,outpatients,none stated,patient wf,Q73_NEAREST_TRANSPORT,mapped,(checkbox multi) Public Bus=code 03 of ONE multi-select Q73 (see 2.36)
2.39a,2,F3,Percentage distribution of inpatient respondents that ride a jeepney as mode of transportation used on going to the nearest health facility for the latest visit,percent distribution,inpatients,none stated,patient wf,Q73_NEAREST_TRANSPORT,mapped,(checkbox multi) Jeepney=code 04 of ONE multi-select Q73 (see 2.36)
2.39b,2,F3,Percentage distribution of outpatient respondents that ride a jeepney as mode of transportation used on going to the nearest health facility for the latest visit,percent distribution,outpatients,none stated,patient wf,Q73_NEAREST_TRANSPORT,mapped,(checkbox multi) Jeepney=code 04 of ONE multi-select Q73 (see 2.36)
2.40a,2,F3,Percentage distribution of inpatient respondents that ride a tricycle as mode of transportation used on going to the nearest health facility for the latest visit,percent distribution,inpatients,none stated,patient wf,Q73_NEAREST_TRANSPORT,mapped,(checkbox multi) Tricycle=code 05 of ONE multi-select Q73 (see 2.36)
2.40b,2,F3,Percentage distribution of outpatient respondents that ride a tricycle as mode of transportation used on going to the nearest health facility for the latest visit,percent distribution,outpatients,none stated,patient wf,Q73_NEAREST_TRANSPORT,mapped,(checkbox multi) Tricycle=code 05 of ONE multi-select Q73 (see 2.36)
2.41a,2,F3,Percentage distribution of inpatient respondents that ride a car as mode of transportation used on going to the nearest health facility for the latest visit,percent distribution,inpatients,none stated,patient wf,Q73_NEAREST_TRANSPORT,mapped,(checkbox multi) Car incl. private taxi=code 06 of ONE multi-select Q73 (see 2.36)
2.41b,2,F3,Percentage distribution of outpatient respondents that ride a car as mode of transportation used on going to the nearest health facility for the latest visit,percent distribution,outpatients,none stated,patient wf,Q73_NEAREST_TRANSPORT,mapped,(checkbox multi) Car incl. private taxi=code 06 of ONE multi-select Q73 (see 2.36)
2.42a,2,F3,Percentage distribution of inpatient respondents that ride a motorcycle as mode of transportation used on going to the nearest health facility for the latest visit,percent distribution,inpatients,none stated,patient wf,Q73_NEAREST_TRANSPORT,mapped,(checkbox multi) Motorcycle=code 07 of ONE multi-select Q73 (see 2.36)
2.42b,2,F3,Percentage distribution of outpatient respondents that ride a motorcycle as mode of transportation used on going to the nearest health facility for the latest visit,percent distribution,outpatients,none stated,patient wf,Q73_NEAREST_TRANSPORT,mapped,(checkbox multi) Motorcycle=code 07 of ONE multi-select Q73 (see 2.36)
2.43a,2,F3,Percentage distribution of inpatient respondents that ride a boat as mode of transportation used on going to the nearest health facility for the latest visit,percent distribution,inpatients,none stated,patient wf,Q73_NEAREST_TRANSPORT,mapped,(checkbox multi) Boat=code 08 of ONE multi-select Q73 (see 2.36)
2.43b,2,F3,Percentage distribution of outpatient respondents that ride a boat as mode of transportation used on going to the nearest health facility for the latest visit,percent distribution,outpatients,none stated,patient wf,Q73_NEAREST_TRANSPORT,mapped,(checkbox multi) Boat=code 08 of ONE multi-select Q73 (see 2.36)
2.44a,2,F3,Percentage distribution of inpatient respondents that ride a taxi as mode of transportation used on going to the nearest health facility for the latest visit,percent distribution,inpatients,none stated,patient wf,Q73_NEAREST_TRANSPORT,mapped,(checkbox multi) Taxi=code 09 of ONE multi-select Q73 (see 2.36)
2.44b,2,F3,Percentage distribution of outpatient respondents that ride a taxi as mode of transportation used on going to the nearest health facility for the latest visit,percent distribution,outpatients,none stated,patient wf,Q73_NEAREST_TRANSPORT,mapped,(checkbox multi) Taxi=code 09 of ONE multi-select Q73 (see 2.36)
2.45a,2,F3,Percentage distribution of inpatient respondents that ride a pedicab as mode of transportation used on going to the nearest health facility for the latest visit,percent distribution,inpatients,none stated,patient wf,Q73_NEAREST_TRANSPORT,mapped,(checkbox multi) Pedicab=code 10 of ONE multi-select Q73 (see 2.36)
2.45b,2,F3,Percentage distribution of outpatient respondents that ride a pedicab as mode of transportation used on going to the nearest health facility for the latest visit,percent distribution,outpatients,none stated,patient wf,Q73_NEAREST_TRANSPORT,mapped,(checkbox multi) Pedicab=code 10 of ONE multi-select Q73 (see 2.36)
2.46a,2,F3,Percentage distribution of inpatient respondents that ride an E-bike as mode of transportation used on going to the nearest health facility for the latest visit,percent distribution,inpatients,none stated,patient wf,Q73_NEAREST_TRANSPORT,mapped,(checkbox multi) E-bike=code 11 of ONE multi-select Q73 (see 2.36)
2.46b,2,F3,Percentage distribution of outpatient respondents that ride an E-bike as mode of transportation used on going to the nearest health facility for the latest visit,percent distribution,outpatients,none stated,patient wf,Q73_NEAREST_TRANSPORT,mapped,(checkbox multi) E-bike=code 11 of ONE multi-select Q73 (see 2.36)
2.47a,2,F3,Responsiveness score summary for inpatient respondents,score,inpatients,none stated,patient wf,"Q131_AMEN_WAITING,Q132_AMEN_BATHROOMS,Q133_AMEN_CONSULT_ROOMS,Q134_AMEN_ROOMS,Q135_SAT_OVERALL_TIME,Q136_STAFF_COURTESY,Q137_STAFF_LISTEN,Q138_STAFF_EXPLAIN,Q139_STAFF_DECIDE,Q140_STAFF_CONSENT,Q141_CONFIDENTIALITY,Q142_PRIVACY",partial,derived indicator (responsiveness score) from Section J items; Q134 rooms=inpatient only
2.47b,2,F3,Responsiveness score summary for outpatient respondents,score,outpatients,none stated,patient wf,"Q131_AMEN_WAITING,Q132_AMEN_BATHROOMS,Q133_AMEN_CONSULT_ROOMS,Q135_SAT_OVERALL_TIME,Q136_STAFF_COURTESY,Q137_STAFF_LISTEN,Q138_STAFF_EXPLAIN,Q139_STAFF_DECIDE,Q140_STAFF_CONSENT,Q141_CONFIDENTIALITY,Q142_PRIVACY",partial,derived indicator (responsiveness score) from Section J items; Q134 rooms excluded for outpatients
2.48a,2,F3,"Respect for Persons Domains: Dignity, Autonomy, Confidentiality for inpatient respondents",score,inpatients,none stated,patient wf,"Q136_STAFF_COURTESY,Q139_STAFF_DECIDE,Q140_STAFF_CONSENT,Q141_CONFIDENTIALITY,Q142_PRIVACY",partial,"derived indicator: dignity=Q136/Q142, autonomy=Q139/Q140, confidentiality=Q141"
2.48b,2,F3,"Respect for Persons Domains: Dignity, Autonomy, Confidentiality for outpatient respondents",score,outpatients,none stated,patient wf,"Q136_STAFF_COURTESY,Q139_STAFF_DECIDE,Q140_STAFF_CONSENT,Q141_CONFIDENTIALITY,Q142_PRIVACY",partial,"derived indicator: dignity=Q136/Q142, autonomy=Q139/Q140, confidentiality=Q141"
2.49a,2,F3,"Respect for Persons Domains: Dignity, Autonomy, Confidentiality for inpatient respondents",score,inpatients,none stated,patient wf,"Q136_STAFF_COURTESY,Q139_STAFF_DECIDE,Q140_STAFF_CONSENT,Q141_CONFIDENTIALITY,Q142_PRIVACY",partial,"duplicate description as printed (same as Table 2.48a) | as printed, duplicates 2.48; derived indicator (see 2.48)"
2.49b,2,F3,"Respect for Persons Domains: Dignity, Autonomy, Confidentiality for outpatient respondents",score,outpatients,none stated,patient wf,"Q136_STAFF_COURTESY,Q139_STAFF_DECIDE,Q140_STAFF_CONSENT,Q141_CONFIDENTIALITY,Q142_PRIVACY",partial,"duplicate description as printed (same as Table 2.48b) | as printed, duplicates 2.48; derived indicator (see 2.48)"
2.50a,2,F3,"Overall inpatient experience score across levels of facility, socioeconomic status, place of residence, and sex, for their most recent encounter",score,inpatients,by facility level × SES × residence × sex,patient wf,"Q135_SAT_OVERALL_TIME,Q136_STAFF_COURTESY,Q137_STAFF_LISTEN,Q138_STAFF_EXPLAIN,Q139_STAFF_DECIDE,Q140_STAFF_CONSENT,Q141_CONFIDENTIALITY,Q142_PRIVACY,Q143_RECOMMEND,Q144_QUALITY",partial,"derived indicator (experience score) from Section J; dims: SES=Q29_SEC_CLASS, sex=Q7_SEX, residence=P_* geo, facility level=frame"
2.50b,2,F3,"Overall outpatient experience score across levels of facility, socioeconomic status, place of residence, and sex, for their most recent encounter",score,outpatients,by facility level × SES × residence × sex,patient wf,"Q135_SAT_OVERALL_TIME,Q136_STAFF_COURTESY,Q137_STAFF_LISTEN,Q138_STAFF_EXPLAIN,Q139_STAFF_DECIDE,Q140_STAFF_CONSENT,Q141_CONFIDENTIALITY,Q142_PRIVACY,Q143_RECOMMEND,Q144_QUALITY",partial,"derived indicator (experience score) from Section J; dims: SES=Q29_SEC_CLASS, sex=Q7_SEX, residence=P_* geo, facility level=frame"
2.51,2,F3,Average out-of-pocket payments on rooms of inpatient and outpatient respondents,average,inpatients+outpatients,none stated,patient wf,,gap,no room/board OOP item on F3; 115.1/97.1 bill itemizations lack rooms; bill rosters are by pay source not line item
2.52,2,F3,Average out-of-pocket payments on consultation of inpatient and outpatient respondents,average,inpatients+outpatients,none stated,patient wf,"Q92_PAY_SRC,Q92_PAY_AMT,Q1141_1_AMT",partial,(roster) OPD direct=OOP rows of Q92 roster; inpatient proxy=115.1 doctor's PF amount
2.53,2,F3,Average out-of-pocket payments on laboratory tests of inpatient and outpatient respondents,average,inpatients+outpatients,none stated,patient wf,"Q94_LAB_PAY,Q94_LAB_AMT,Q1141_4_AMT,Q112_PAY_AMT",mapped,(roster) OPD per-test Q94; IPD=115.1 diagnostics + outside-services Q112 OOP rows
2.54,2,F3,Average out-of-pocket payments on prescribed medicines of inpatient and outpatient respondents,average,inpatients+outpatients,none stated,patient wf,"Q96_PAY_SRC,Q96_PAY_AMT,Q109_PAY_SRC,Q109_PAY_AMT,Q1141_5_AMT",mapped,(roster) OPD Q96; IPD outside-meds Q109 + 115.1 in-bill medicines; OOP rows only
2.55,2,F3,Percentage distribution of inpatient and outpatient respondents who have heard about ZBB,percent distribution,inpatients+outpatients,none stated,patient wf,Q119_ZBB_HEARD,mapped,split via PATIENT_TYPE (see 2.1)
2.56a,2,F3,Percentage distribution of inpatient respondents’ top information sources about ZBB,percent distribution,inpatients,none stated,patient wf,Q120_ZBB_SOURCE,mapped,(checkbox multi)
2.56b,2,F3,Percentage distribution of outpatient respondents’ top information sources about ZBB,percent distribution,outpatients,none stated,patient wf,Q120_ZBB_SOURCE,mapped,(checkbox multi)
2.57a,2,F3,Percentage distribution of inpatient respondents who can correctly identify the benefits under ZBB,percent distribution,inpatients,none stated,patient wf,Q121_ZBB_UNDERSTAND,mapped,(checkbox multi) correctness scored from codes
2.57b,2,F3,Percentage distribution of outpatient respondents who can correctly identify the benefits under ZBB,percent distribution,outpatients,none stated,patient wf,Q121_ZBB_UNDERSTAND,mapped,(checkbox multi) correctness scored from codes
2.58,2,F3,Percentage distribution of inpatient and outpatient respondents who have heard about BUCAS,percent distribution,inpatients+outpatients,none stated,patient wf,Q99_BUCAS_HEARD,mapped,asked only where AREA_HAS_BUCAS=1; split via PATIENT_TYPE (see 2.1)
2.59a,2,F3,Percentage distribution of inpatient respondents’ top information sources about BUCAS,percent distribution,inpatients,none stated,patient wf,Q100_BUCAS_SOURCE,mapped,(checkbox multi)
2.59b,2,F3,Percentage distribution of outpatient respondents’ top information sources about BUCAS,percent distribution,outpatients,none stated,patient wf,Q100_BUCAS_SOURCE,mapped,(checkbox multi)
2.60a,2,F3,Percentage distribution of inpatient respondents who can identify the benefits under BUCAS,percent distribution,inpatients,none stated,patient wf,Q101_BUCAS_UNDERSTAND,mapped,(checkbox multi) benefit identification scored from codes
2.60b,2,F3,Percentage distribution of outpatient respondents who can identify the benefits under BUCAS,percent distribution,outpatients,none stated,patient wf,Q101_BUCAS_UNDERSTAND,mapped,(checkbox multi) benefit identification scored from codes
2.61a,2,F3,Percentage distribution of inpatient respondents’ most commonly accessed services in BUCAS,percent distribution,inpatients,none stated,patient wf,"Q103_BUCAS_SERVICES,Q102_BUCAS_ACCESSED",mapped,(checkbox multi) universe filter Q102=Yes
2.61b,2,F3,Percentage distribution of outpatient respondents’ most commonly accessed services in BUCAS,percent distribution,outpatients,none stated,patient wf,"Q103_BUCAS_SERVICES,Q102_BUCAS_ACCESSED",mapped,(checkbox multi) universe filter Q102=Yes
2.62,2,F3,Percentage distribution of inpatient and outpatient respondents who have heard about GAMOT,percent distribution,inpatients+outpatients,none stated,patient wf,Q152_GAMOT_HEARD,mapped,asked only where AREA_HAS_GAMOT=1; split via PATIENT_TYPE (see 2.1)
2.63a,2,F3,Percentage distribution of inpatient respondents’ top information sources about GAMOT,percent distribution,inpatients,none stated,patient wf,Q153_GAMOT_SOURCE,mapped,(checkbox multi)
2.63b,2,F3,Percentage distribution of outpatient respondents’ top information sources about GAMOT,percent distribution,outpatients,none stated,patient wf,Q153_GAMOT_SOURCE,mapped,(checkbox multi)
2.64a,2,F3,Percentage distribution of inpatient respondents who can correctly identify the benefits under GAMOT,percent distribution,inpatients,none stated,patient wf,Q154_GAMOT_UNDERSTAND,mapped,(checkbox multi) correctness scored from codes
2.64b,2,F3,Percentage distribution of outpatient respondents who can correctly identify the benefits under GAMOT,percent distribution,outpatients,none stated,patient wf,Q154_GAMOT_UNDERSTAND,mapped,(checkbox multi) correctness scored from codes
2.65,2,F3,Descriptive statistics of socio-demographic characteristics of the inpatient and outpatient respondents,descriptive stats,inpatients+outpatients,none stated,patient wf,"Q6_AGE,Q7_SEX,Q9_GROUP,Q10_CIVIL_STATUS,Q11_PWD,Q15_EDUCATION,Q16_EMPLOYMENT,Q17_INCOME_SOURCE,Q18_INCOME_BRACKET,Q19_HH_SIZE,Q29_SEC_CLASS,Q30_IP,Q32_4PS",mapped,Section B profile battery; add Q8_LGBTQIA/asset items Q22-Q28 as needed
3.1,3,F4,"Percent of household respondents who have heard about UHC, by province",percent,households,by province,household wf,"Q51_UHC_HEARD, PROVINCE_HUC",mapped,'By province' for all Annex-3 tables = PSGC geo block PROVINCE_HUC (codebook province_code); id-block PROVINCE_HUC_CODE equivalent
3.2,3,F4,"Percent distribution of source of information about UHC of household respondents, by province",percent distribution,households,by province,household wf,"Q52_UHC_SOURCE, Q52_UHC_SOURCE_OTHER_TXT",mapped,(checkbox multi)
3.3,3,F4,"Percent distribution of household respondents who identify as registered to PhilHealth, by province",percent distribution,households,by province,household wf,Q45_PHILHEALTH_REG,mapped,Q45 is roster-level; use respondent's own roster row (ambiguous respondent vs all-member rate)
3.4,3,F4,"Percentage distribution of household respondents that are unregistered who know where to seek assistance for the registration process, by province",percent distribution,unregistered households,by province,household wf,"Q83_KNOWS_ASSIST, Q45_PHILHEALTH_REG",mapped,Unregistered universe = respondent roster row Q45=02 No; Q84_WHERE_ASSIST gives where
3.5,3,F4,"Percentage distribution of household respondents’ source of information on PhilHealth registration, by province",percent distribution,households,by province,household wf,"Q79_REG_SOURCE, Q79_REG_SOURCE_OTHER_TXT",mapped,"Single-select (numeric), not checkbox"
3.6,3,F4,"Percentage distribution of household respondents who can correctly list PhilHealth benefits under UHC reforms, by province",percent distribution,households,by province,household wf,"Q85_BENEFITS, Q85_BENEFITS_OTHER_TXT",mapped,(checkbox multi); 'correctly list' scoring derived at analysis vs codes 01-03
3.7,3,F4,"Percentage distribution of household respondents who have heard about YAKAP/Konsulta provider assignment under UHC, by province",percent distribution,households,by province,household wf,Q54_YAKAP_HEARD,mapped,Q54 asks package awareness; 'provider assignment' wording not asked verbatim
3.8,3,F4,Percentage distribution of household respondents who can identify the benefits under the PhilHealth YAKAP/Konsulta package,percent distribution,households,none stated,household wf,"Q56_YAKAP_UNDERSTAND, Q56_YAKAP_UNDERSTAND_OTHER_TXT",mapped,(checkbox multi); correct-benefit scoring derived at analysis
3.9,3,F4,"Percentage distribution of household respondents’ top challenges in registration to PhilHealth for those who have undergone the registration process (including those who did not register successfully) in the past year, by province",percent distribution,households who have undergone the registration process,by province,household wf,"Q81_REG_DIFFICULTY, Q82_DIFFICULTY_REASONS, Q82_DIFFICULTY_REASONS_OTHER_TXT",partial,(checkbox multi); no 'underwent registration in past yr incl unsuccessful' flag; approx universe via Q45_1_PIN_REG_WHEN
3.10,3,F4,"Percent distribution of household respondents by type of PhilHealth membership who self-report to have struggled to pay premiums in the past year, by province",percent distribution,household PhilHealth members,by PhilHealth membership type × province,household wf,"Q87_PREMIUM_DIFFICULT, Q46_MEMBER_CATEGORY",mapped,Membership type Q46 is roster-level (respondent row); Q86 premium-pay gate; Q88 reasons
3.11,3,F4,"Percentage distribution of household respondents in HCPN that were referred from YAKAP/Konsulta provider or primary care provider, for most recent interaction, by province",percent distribution,households in HCPN,by province,household wf,"Q108_REFERRED, Q119_PCF_REFERRAL",partial,"No HCPN-membership flag; Q119 = referral from primary care facility, most recent visit; YAKAP-provider referral not distinguished"
3.12,3,F4,"Percent distribution of household respondents that received assistance in making the appointment for that visit, by province",percent distribution,households,by province,household wf,"Q115_HELPED_APPT, Q123_PCP_HELPED_APPT",mapped,Two paths: referral chain Q115 vs non-referral PCP chain Q123; Section K gated on Q108=Yes
3.13,3,F4,"Percent distribution of household respondents that received assistance by discussing with them the different places they could visit to address their health problem, by province",percent distribution,households,by province,household wf,"Q114_DISCUSSED_PLACES, Q122_PCP_DISCUSSED_PLACES",mapped,Two paths: Q114 (referral) vs Q122 (PCP); Section K gated on Q108=Yes
3.14,3,F4,Households' overall satisfaction rate with the referral system process for most recent interaction at the time of survey,percent,households,none stated,household wf,"Q118_SAT_REFERRAL_PROCESS, Q125_SAT_REFERRAL_EXP",mapped,"Two 5-pt satisfaction items: referral path Q118, non-referral PCP path Q125"
3.15,3,F4,"Percentage distribution of household respondents who can correctly define a generic drug, by province",percent distribution,households,by province,household wf,Q75_BRAND_GEN_KNOWS,partial,Self-reported Y/N knowledge only; no scored 'define a generic drug' item to verify correctness
3.16,3,F4,"Percentage distribution of household respondents who chose a generic drug when buying medication, for last interaction, by province",percent distribution,households,by province,household wf,Q76_BRAND_OR_GEN,mapped,Scope = meds bought outside GAMOT pharmacy; code 3 = both branded and generic
3.17,3,F4,"Percentage distribution of household respondents’ reasons to purchase generic options (prescribed by doctor, cheaper, etc.) in the past 6 months, by province",percent distribution,households,by province,household wf,"Q77_WHY_GENERIC, Q77_WHY_GENERIC_OTHER_TXT",mapped,(checkbox multi)
3.18,3,F4,"Percentage distribution of household respondents’ reasons to purchase branded options (prescribed by doctor, cheaper, etc.) in the past 6 months, by province",percent distribution,households,by province,household wf,"Q78_WHY_BRANDED, Q78_WHY_BRANDED_OTHER_TXT",mapped,(checkbox multi)
3.19,3,F4,"Percent distribution of household respondents that accessed medications for free or subsidized, in the last 6 months, by province",percent distribution,households,by province,household wf,"Q72_GAMOT_OBTAINED, Q74_WHERE_REST",partial,No direct free/subsidized item; derive from Q72 (GAMOT free meds) + Q74 codes 05-08 'received for free' (checkbox multi)
3.20,3,F4,"Percent distribution of household respondents’ top sources of medicine subsidization (i.e., LGU, employer, etc.) in the past 6 months",percent distribution,households,none stated,household wf,"Q74_WHERE_REST, Q74_WHERE_REST_OTHER_TXT",partial,Free-source codes cover PCP/LGU/public/private hospital only; no employer or dedicated subsidy-source item (checkbox multi)
3.21,3,F4,"Percentage distribution of household respondents that have accessed alternate financial assistance program/s to help cover medical costs, for most recent interaction, out of all patients",percent distribution,households (all patients),none stated,household wf,"Q143_HOW_PAID, Q103_CARE_TYPE",partial,No direct assistance-program item; derive Q143 codes 06-08 (+04/05 coping); MAIFIP use not asked; all-patient base via Q103
3.22,3,F4,"Percentage distribution of household respondents that have accessed alternate financial assistance program/s to help cover medical costs, for most recent interaction, out of billed patients",percent distribution,households (billed patients),none stated,household wf,"Q143_HOW_PAID, Q139_FINAL_AMOUNT_PHP, Q140_RECALL_BREAKDOWN",partial,Same Q143 derivation as 3.21; billed universe derived via Q139>0/Q140; Q142=No skips Q143
3.23,3,F4,"Percentage distribution of household respondents that experience incidence of reduced care due to financial reasons, for most recent interaction",percent distribution,households,none stated,household wf,"Q197_DELAYED_CARE, Q198_NOT_FOLLOWED",mapped,'Reduced care' = P block: delayed care Q197 + not-fully-followed advice Q198 (financial reasons); distinct from forgone 3.24/3.25
3.24,3,F4,"Percentage distribution of household respondents that experience incidence of forgone care due to financial reasons, for most recent interaction",percent distribution,households,none stated,household wf,"Q105_FORGONE_CARE, Q106_FORGONE_WHY",mapped,printed with identical description to Table 3.25 | Financial-reason filter via Q106 code 02 'too expensive'; Q196_FOREGONE gives type of care foregone
3.25,3,F4,"Percentage distribution of household respondents that experience incidence of forgone care due to financial reasons, for most recent interaction",percent distribution,households,none stated,household wf,"Q105_FORGONE_CARE, Q106_FORGONE_WHY",mapped,"printed with identical description to Table 3.24 | As printed, identical to 3.24 - same source mapping"
3.26,3,F4,Percentage distribution of household respondents who have heard about ZBB,percent distribution,households,none stated,household wf,Q132_ZBB_HEARD,mapped,
3.27,3,F4,Percentage distribution of household respondents’ top information sources about ZBB,percent distribution,households,none stated,household wf,"Q133_ZBB_SOURCE, Q133_ZBB_SOURCE_OTHER_TXT",mapped,(checkbox multi); gated on Q132=Yes
3.28,3,F4,Percentage distribution of household respondents who can correctly identify the benefits under ZBB,percent distribution,households,none stated,household wf,"Q134_ZBB_UNDERSTAND, Q134_ZBB_UNDERSTAND_OTHER_TXT",mapped,(checkbox multi); correct-benefit scoring derived at analysis
3.29,3,F4,Percentage distribution of household respondents who have heard about BUCAS,percent distribution,households,none stated,household wf,Q57_BUCAS_HEARD,mapped,Block gated on AREA_HAS_BUCAS - denominator excludes non-BUCAS areas
3.30,3,F4,Percentage distribution of household respondents’ top information sources about BUCAS,percent distribution,households,none stated,household wf,"Q58_BUCAS_SOURCE, Q58_BUCAS_SOURCE_OTHER_TXT",mapped,(checkbox multi)
3.31,3,F4,Percentage distribution of household respondents who can correctly identify the benefits under BUCAS,percent distribution,households,none stated,household wf,"Q59_BUCAS_UNDERSTAND, Q59_BUCAS_UNDERSTAND_OTHER_TXT",mapped,(checkbox multi); correct-benefit scoring derived at analysis
3.32,3,F4,Percentage distribution of household respondents’ mostly accessed services in BUCAS centers,percent distribution,households,none stated,household wf,"Q60_BUCAS_ACCESSED, Q61_BUCAS_SERVICES, Q61_BUCAS_SERVICES_OTHER_TXT",mapped,"(checkbox multi); universe = Q60=Yes accessors, last 6 months"
3.33,3,F4,Percentage distribution of household respondents who have heard about GAMOT,percent distribution,households,none stated,household wf,Q69_GAMOT_HEARD,mapped,Block gated on AREA_HAS_GAMOT - denominator excludes non-GAMOT areas
3.34,3,F4,Percentage distribution of household respondents’ top information sources about GAMOT,percent distribution,households,none stated,household wf,"Q70_GAMOT_SOURCE, Q70_GAMOT_SOURCE_OTHER_TXT",mapped,(checkbox multi)
3.35,3,F4,Percentage distribution of household respondents who can correctly identify the benefits under GAMOT,percent distribution,households,none stated,household wf,"Q71_GAMOT_UNDERSTAND, Q71_GAMOT_UNDERSTAND_OTHER_TXT",mapped,(checkbox multi); correct-benefit scoring derived at analysis
3.36,3,F4,Descriptive statistics of socio-demographic characteristics of the household sample,descriptive stats,households,none stated,household wf,"Q2_1_AGE, Q3_SEX, Q4_LGBTQIA, Q5_GROUP, Q6_CIVIL_STATUS, Q7_IS_PWD, Q11_EDUCATION, Q12_EMPLOYMENT, Q13_INCOME_SOURCE, Q14_IP_MEMBER, Q16_4PS, Q18_INCOME_BRACKET, Q19_HH_SIZE_TOTAL, Q20_HH_CHILDREN, Q21_HH_SENIORS, Q29_SOCIOECONOMIC_CLASS, Q32_AGE, Q33_SEX, Q34_RELATIONSHIP, Q40_EDUCATION, Q41_EMPLOYMENT",mapped,Respondent B-block + roster C-block; Q3_SEX has extra 'Other' code (codebook 15.A sex_other flag)
4.1,4,F2,"Number of healthcare workers per facility at point of survey, across level of facility and type of worker",summary,facilities,by facility level × worker type,HCW wf,"facility_id, Q5",partial,no headcount item in F2/F1; derive respondent count per facility_id x Q5. F2=census in facilities; wt=facility base wt x NR (SSRCS A-d)
4.2,4,F2,"Average gap (%) in health workers per facility over the past year at the time of survey, across level of facility and type of worker",average,facilities,by facility level × worker type,HCW wf,,gap,no vacancy/plantilla item in F2 or F1 (F1 Q35/Q36 staffing items are qualitative); needs admin/HRH source (e.g. DOH HRH deployment reports)
4.3,4,F2,Percentage distribution of healthcare worker respondents who have ever heard about UHC,percent distribution,HCWs in selected facilities,none stated,HCW wf,Q12,mapped,
4.4,4,F2,Percentage distribution of healthcare worker respondents who reported doing tasks that could be completed by a more junior staff,percent distribution,HCWs in selected facilities,none stated,HCW wf,"Q91, Q92, Q93",mapped,"printed with identical description to Table 4.5 | same source as 4.5 (as printed, identical)"
4.5,4,F2,Percentage distribution of healthcare worker respondents who reported doing tasks that could be completed by a more junior staff,percent distribution,HCWs in selected facilities,none stated,HCW wf,"Q91, Q92, Q93",mapped,"printed with identical description to Table 4.4 | same source as 4.4 (as printed, identical)"
4.6,4,F2,Percentage distribution of healthcare worker respondents' reasons for taking on tasks that should be performed by a different role,percent distribution,HCWs in selected facilities,none stated,HCW wf,Q94,mapped,
4.7,4,F2,Percentage distribution of healthcare worker respondents’ views on Task Sharing across roles,percent distribution,HCWs in selected facilities,none stated,HCW wf,Q95,mapped,
4.8,4,F2,"Percentage distribution of healthcare worker respondents who reported receiving adequate support from their facilities to implement changes related to UHC, in the past year",percent distribution,HCWs in selected facilities,none stated,HCW wf,"Q96, Q97",mapped,
4.9,4,F2,"Percentage distribution of healthcare worker respondents who reported receiving adequate support from their facilities to implement changes related to UHC, in the past year (continued)",percent distribution,HCWs in selected facilities,none stated,HCW wf,"Q96, Q97",mapped,printed as (continued) of Table 4.8 | same source battery as 4.8
4.10,4,F2,"Percentage distribution of healthcare worker respondents who would consider becoming YAKAP/Konsulta providers, if not already registered",percent distribution,HCWs not already registered as YAKAP/Konsulta providers,none stated,HCW wf,"Q38, Q34",mapped,Q38 would-consider distribution; universe filter Q34 != Yes (not already accredited)
4.11,4,F2,"Percentage distribution of healthcare worker respondents’ satisfaction on compensation, over the past 6 months",percent distribution,HCWs in selected facilities,none stated,HCW wf,"Q98, Q99, Q100",mapped,"Grid#1 compensation rows, 6-month recall"
4.12,4,F2,"Percent of facilities who provide adequate professional development opportunities for healthcare workers, over the past 6 months",percent,facilities,none stated,HCW wf,"Q112, facility_id",partial,facility-level % from HCW-level Q112 ('None'=not provided) aggregated by facility_id; aggregation rule needs DOH sign-off
4.13,4,F2,"Percentage distribution of healthcare worker respondents’ satisfaction on available professional development/training opportunities, over the past 6 months",percent distribution,HCWs in selected facilities,none stated,HCW wf,Q107,mapped,Grid#1 prof-dev satisfaction row; provision side = Q112/Q113
4.14,4,F2,"Percentage distribution of healthcare worker respondents rating on the intensity of workload based on amount of overtime, over the past 6 months",percent distribution,HCWs in selected facilities,none stated,HCW wf,"Q114, Q122",mapped,Q114 Grid#2 overtime frequency; Q122 overtime amount (asked unless Q114=Never)
4.15,4,F2,"Percentage distribution of healthcare worker respondents’ satisfaction rating, over the past 6 months",percent distribution,HCWs in selected facilities,none stated,HCW wf,Q98-Q107,partial,no single overall-satisfaction item; Grid#1 agreement battery — composite/derivation rule needed
4.16,4,F2,"Percentage distribution of healthcare worker respondents on top factors for job satisfaction and dissatisfaction, over the last 6 months",percent distribution,HCWs in selected facilities,none stated,HCW wf,"Q98-Q107, Q114-Q121",partial,no direct top-factors item; derive factor ranking from Grid#1/Grid#2 batteries — derivation rule needs DOH sign-off
4.17,4,F2,Percentage distribution of healthcare worker respondents who intended to leave current post in the next year,percent distribution,HCWs in selected facilities,none stated,HCW wf,Q123,partial,Q123 captures intent strength but no explicit next-year horizon
4.18,4,F2,Percentage distribution of healthcare worker respondents on top reasons for healthcare workers who intend to leave in less than a year,percent distribution,HCWs who intend to leave in less than a year,none stated,HCW wf,Q124,partial,Q124 reasons; universe Q123=any yes — '<1 year' horizon not captured by Q123
4.19,4,F2,Percentage distribution of healthcare workers by role in the health facility,percent distribution,HCWs in selected facilities,by role in the health facility,HCW wf,Q5,mapped,
4.20,4,F2,Percentage distribution of healthcare workers by specialization in the health facility,percent distribution,HCWs in selected facilities,by specialization in the health facility,HCW wf,Q6,mapped,
